Raw Tweets,Clean Tweets,Sentiment
https://t.co/1MVcrzhnM3 Ulrick John (New England Patriots) news from Ben Volin #Sports #Fantasy #FantasySports #NFL… https://t.co/mXld5NJU35,Ulrick John New England Patriots news from Ben Volin Sports Fantasy FantasySports NFL,0.13636363636363635
https://t.co/haJyOjxmhr Rob Gronkowski (New England Patriots) news via @rotodbnews #Sports #Fantasy #FantasySports… https://t.co/PeT4ArPOO6,Rob Gronkowski New England Patriots news via Sports Fantasy FantasySports,0.13636363636363635
https://t.co/B510hww8xl Tom Brady (New England Patriots) news from Adam Schefter #Sports #Fantasy #FantasySports… https://t.co/6bOToVlTz3,Tom Brady New England Patriots news from Adam Schefter Sports Fantasy FantasySports,0.13636363636363635
https://t.co/Sk34Tk9q0r Rob Gronkowski (New England Patriots) news from Phil Perry #Sports #Fantasy #FantasySports… https://t.co/o5nGGdbkIY,Rob Gronkowski New England Patriots news from Phil Perry Sports Fantasy FantasySports,0.13636363636363635
https://t.co/pkzhgmvl35 Rob Gronkowski (New England Patriots) news from Breaking Sports News #Sports #Fantasy… https://t.co/vunM6RgM32,Rob Gronkowski New England Patriots news from Breaking Sports News Sports Fantasy,0.13636363636363635
https://t.co/t0MnTKIht7 Rob Gronkowski (New England Patriots) news from Breaking Sports News #Sports #Fantasy… https://t.co/iHBTpismon,Rob Gronkowski New England Patriots news from Breaking Sports News Sports Fantasy,0.13636363636363635
https://t.co/9cQPi3Pn5w Rob Gronkowski (New England Patriots) news from Breaking Sports News #Sports #Fantasy… https://t.co/xDmzEhiZgb,Rob Gronkowski New England Patriots news from Breaking Sports News Sports Fantasy,0.13636363636363635
https://t.co/wk0gAEnMFs Rob Gronkowski (New England Patriots) news from Breaking Sports News #Sports #Fantasy… https://t.co/E2KtmOJJ6P,Rob Gronkowski New England Patriots news from Breaking Sports News Sports Fantasy,0.13636363636363635
https://t.co/LzNvgSdYmO Rob Gronkowski (New England Patriots) news from Breaking Sports News #Sports #Fantasy… https://t.co/nZgFCRNIrY,Rob Gronkowski New England Patriots news from Breaking Sports News Sports Fantasy,0.13636363636363635
https://t.co/4ebrTr78a9 Rob Gronkowski (New England Patriots) news from Breaking Sports News #Sports #Fantasy… https://t.co/F1UlddJUo9,Rob Gronkowski New England Patriots news from Breaking Sports News Sports Fantasy,0.13636363636363635
https://t.co/ouippXp23q Rob Gronkowski (New England Patriots) news from Breaking Sports News #Sports #Fantasy… https://t.co/GDqVKAwOih,Rob Gronkowski New England Patriots news from Breaking Sports News Sports Fantasy,0.13636363636363635
https://t.co/S4nof6EPgL Rob Gronkowski (New England Patriots) news from Phil Perry #Sports #Fantasy #FantasySports… https://t.co/6e549AMJob,Rob Gronkowski New England Patriots news from Phil Perry Sports Fantasy FantasySports,0.13636363636363635
"ESPN's @MikeReiss predicts the @Patriots will go 11-5, starting the season 0-2. What's your prediction? #patriots… https://t.co/yERaJ2i3D3",ESPN s predicts the will go 11 5 starting the season 0 2 What s your prediction patriots,0.0
